<?xml version="1.0" encoding="UTF-8"?>
<root>
  <item name="com.facebook.drawee.backends.pipeline.info.ImageOrigin">
    <annotation name="android.support.annotation.IntDef">
      <val name="value" val="{com.facebook.drawee.backends.pipeline.info.ImageOrigin.UNKNOWN, com.facebook.drawee.backends.pipeline.info.ImageOrigin.NETWORK, com.facebook.drawee.backends.pipeline.info.ImageOrigin.DISK, com.facebook.drawee.backends.pipeline.info.ImageOrigin.MEMORY_BITMAP, com.facebook.drawee.backends.pipeline.info.ImageOrigin.MEMORY_ENCODED}" />
    </annotation>
  </item>
  <item name="com.facebook.drawee.backends.pipeline.info.ImageOriginListener void onImageLoaded(java.lang.String, int, boolean) 1">
    <annotation name="android.support.annotation.IntDef">
      <val name="value" val="{com.facebook.drawee.backends.pipeline.info.ImageOrigin.UNKNOWN, com.facebook.drawee.backends.pipeline.info.ImageOrigin.NETWORK, com.facebook.drawee.backends.pipeline.info.ImageOrigin.DISK, com.facebook.drawee.backends.pipeline.info.ImageOrigin.MEMORY_BITMAP, com.facebook.drawee.backends.pipeline.info.ImageOrigin.MEMORY_ENCODED}" />
    </annotation>
  </item>
</root>

